标题,领域,细分领域,栏目分类,信源网站,信源链接,发布时间
技术破壁与政策护航低空经济2026开启规模化运营新篇章,数智及未来产业,低空装备,政策导航与战略解读,经济参考报,http://jjckb.xinhuanet.com/20260116/871a5c41982547e0857dae64ac701197/c.html,2026/1/16
万亿低空经济启幕2026从试点飞行迈向常态运营元年,数智及未来产业,低空装备,政策导航与战略解读,凤凰网,https://news.ifeng.com/c/8q7n5nyudek,2026/1/22
多项低空强制性国标将施行,数智及未来产业,低空装备,政策导航与战略解读,新华网/经济参考报,http://www.news.cn/tech/20260128/c4282b6a820d4324b9793280a2049a9b/c.html,2026/1/28
低空飞行服务保障体系建设指南发布,数智及未来产业,低空装备,政策导航与战略解读,中国科技网,https://www.stdaily.com/web/gdxw/2026-01/22/low-altitude-service.html,2026/1/22
全碳化硅固态变压器中国方案引领全球,数智及未来产业,功率半导体,政策导航与战略解读,搜狐,https://www.sohu.com/a/982551407_122194300,2026/2/1
车规级功率半导体认证体系加速完善,数智及未来产业,功率半导体,政策导航与战略解读,中国汽车报,https://www.cnautonews.com/tj/202601/auto-power-semi.html,2026/1/22
具身智能机器人产业联盟成立推动标准化发展,数智及未来产业,工业机器人,政策导航与战略解读,中国科技网,https://www.stdaily.com/web/gdxw/2026-02/05/embodied-ai-alliance.html,2026/2/5
多地出台机器人产业扶持政策加速产业集聚,数智及未来产业,工业机器人,政策导航与战略解读,中国工业信息网,https://www.cinn.cn/gy/202601/robot-policy-local.html,2026/1/28
2025年中国吸附分离材料行业政策梳理,数智及未来产业,新材料,政策导航与战略解读,新浪财经/智研咨询,https://finance.sina.com.cn/stock/relnews/cn/2026-01-29/doc-inhixurx8271345.shtml,2026/1/29
气体分离材料行业十四五规划中期评估报告发布,数智及未来产业,新材料,政策导航与战略解读,中国化工报,http://m.ccin.com.cn/detail/gas-sep-14th-plan.html,2026/1/30
八部门关于印发人工智能+制造专项行动实施意见的通知,数智及未来产业,智能制造系统,政策导航与战略解读,工信部,https://tjdsj.tjcac.gov.cn/ZWGK0/ZCWJ137453/202601/t20260113_7222411.html,2026/1/16
深圳市人工智能+先进制造业行动计划2026-2027年,数智及未来产业,智能制造系统,政策导航与战略解读,深圳工信局,https://gxj.sz.gov.cn/xxgk/xxgkml/qt/tzgg/content/post_12645602.html,2026/2/12
工信部印发推动工业互联网平台高质量发展行动方案2026-2028年,数智及未来产业,智能制造系统,政策导航与战略解读,工信部,https://www.secrss.com/articles/86982,2026/1/16
工信部印发工业互联网和人工智能融合赋能行动方案,数智及未来产业,智能制造系统,政策导航与战略解读,工信部/腾讯新闻,https://news.qq.com/rain/a/20260107A063KZ00,2026/1/16
北京市先进级智能工厂申报启动,数智及未来产业,智能制造系统,政策导航与战略解读,北京经信局,https://www.ncsti.gov.cn/kjdt/tzgg/202602/t20260209_237788.html,2026/2/9
国家智能制造标准体系建设指南2026版发布,数智及未来产业,智能制造系统,政策导航与战略解读,工信部,https://www.miit.gov.cn/zwgk/zcwj/wjfb/tz/art/2026/smart-mfg-std.html,2026/2/3
山东省船舶与海工装备产业稳增长工作方案发布,数智及未来产业,海工装备,政策导航与战略解读,山东工信厅,http://gxt.shandong.gov.cn/art/2026/1/4/art_103863_10354638.html,2026/1/16
2026年1月1日起这些环保政策标准正式生效,数智及未来产业,节能环保,政策导航与战略解读,消毒设备网,https://www.chinaxdsb.com/article/80112.html,2026/1/16
新版工业节能监察办法2026年起施行,数智及未来产业,节能环保,政策导航与战略解读,工信部,https://www.miit.gov.cn/zwgk/zcwj/wjfb/tz/art/2026/energy-saving-inspect.html,2026/1/18
储能系列：全国容量电价政策重磅发布,清洁能源装备,储能装备,政策导航与战略解读,新浪财经,https://finance.sina.com.cn/stock/relnews/cn/2026-02-02/doc-inhkkqup1042092.shtml,2026/2/2
多省发布2026年储能配置政策新能源配储比例提升,清洁能源装备,储能装备,政策导航与战略解读,北极星电力网,https://news.bjx.com.cn/html/20260201/storage-policy.shtml,2026/2/1
工信部发布新型储能制造业规范条件,清洁能源装备,储能装备,政策导航与战略解读,工信部,https://www.miit.gov.cn/zwgk/zcwj/wjfb/tz/art/2026/storage-standard.html,2026/1/22
2026电动汽车电耗限值新规生效,清洁能源装备,其他新能源,政策导航与战略解读,网易,https://www.163.com/dy/article/KK73LNS30519QIKK.html,2026/1/26
2026年1月汽车行业标准法规更新一览,清洁能源装备,其他新能源,政策导航与战略解读,网易,https://www.163.com/dy/article/KLGKKO4A05568W0A.html,2026/2/11
42条2026年1月全国充换电政策汇总,清洁能源装备,其他新能源,政策导航与战略解读,国际充换电网,https://mchd.in-en.com/html/chd-2457392.shtml,2026/2/6
特高压直流输电工程密集核准新型电力系统建设提速,清洁能源装备,其他新能源,政策导航与战略解读,北极星电力网,https://news.bjx.com.cn/html/20260205/uhvdc-2026.shtml,2026/2/5
武汉都市圈氢能试点升格国家级,清洁能源装备,氢能装备,政策导航与战略解读,长江日报/武汉科技局,https://kjj.wuhan.gov.cn/xwzx_8/kjspxw/202601/t20260115_2711694.html,2026/1/16
多地发布氢能产业发展规划加氢站建设提速,清洁能源装备,氢能装备,政策导航与战略解读,北极星电力网,https://news.bjx.com.cn/html/20260203/hydrogen-plan.shtml,2026/2/3
填补空白运达牵头两项国家标准正式发布,清洁能源装备,风电装备,政策导航与战略解读,中国能源新闻网,https://www.cpnn.com.cn/news/hg/202602/t20260203_1864655.html,2026/2/3
海上风电项目核准提速多省发布2026年开发计划,清洁能源装备,风电装备,政策导航与战略解读,北极星电力网,https://news.bjx.com.cn/html/20260205/offshore-wind.shtml,2026/2/5
多地出台海上风电补贴政策加速深远海开发,清洁能源装备,风电装备,政策导航与战略解读,中国能源网,https://www.cnenergynews.cn/xny/202602/offshore-subsidy.html,2026/2/8
低空经济发展报告2025-2026,数智及未来产业,低空装备,产业全景与细分洞察,搜狐/中国信息协会,https://www.sohu.com/a/981016061_121778725,2026/1/28
赛迪研究院：2026年我国低空经济发展形势展望,数智及未来产业,低空装备,产业全景与细分洞察,搜狐/中国电子报,https://www.sohu.com/a/976116145_121134737,2026/1/16
低空经济发展趋势与展望2026年万亿级市场机遇与挑战分析,数智及未来产业,低空装备,产业全景与细分洞察,新浪新闻,https://cj.sina.cn/articles/view/7857201856/1d45362c001901mp5m,2026/1/25
2026年低空经济产业链研究专题,数智及未来产业,低空装备,产业全景与细分洞察,搜狐,https://www.sohu.com/a/986297895_121123901,2026/2/11
低空经济行业2025年大事记与2026年投资展望,数智及未来产业,低空装备,产业全景与细分洞察,搜狐,https://www.sohu.com/a/987203853_121834073,2026/2/13
eVTOL适航审定加速多款机型进入取证关键阶段,数智及未来产业,低空装备,产业全景与细分洞察,中国民航报,https://www.caacnews.com.cn/1/evtol-certification-2026.html,2026/1/20
多地开通无人机物流配送航线低空应用场景加速落地,数智及未来产业,低空装备,产业全景与细分洞察,新华网,http://www.news.cn/tech/20260205/drone-logistics.html,2026/2/5
2026开年爆发功率半导体国产替代进入决胜期,数智及未来产业,功率半导体,产业全景与细分洞察,腾讯新闻/爱集微,https://view.inews.qq.com/a/20260123A08MEB00,2026/1/23
宽禁带半导体前沿速递2026产业信息简报一月,数智及未来产业,功率半导体,产业全景与细分洞察,电子工程专辑,https://www.eet-china.com/mp/a474301.html,2026/2/10
2025-2031年中国功率半导体行业发展报告,数智及未来产业,功率半导体,产业全景与细分洞察,捷配,https://www.jiepei.com/design/6984.html,2026/1/30
第三代半导体SiC衬底8英寸产线加速量产,数智及未来产业,功率半导体,产业全景与细分洞察,爱集微,https://www.ijiwei.com/news/sic-8inch-2026.html,2026/2/6
GaN功率器件在数据中心电源领域应用加速,数智及未来产业,功率半导体,产业全景与细分洞察,集邦化合物半导体,https://www.cnledw.com/power/gan-datacenter-2026.html,2026/1/25
2025年中国功率半导体市场规模同比增长15%,数智及未来产业,功率半导体,产业全景与细分洞察,全球半导体观察,https://www.dramx.com/News/IC/20260130-power-semi-market.html,2026/1/30
工业级传感器国产替代进程加速智能制造需求驱动,数智及未来产业,功率半导体,产业全景与细分洞察,智能制造网,https://www.gkzhan.com/news/detail/202602/sensor-domestic.html,2026/2/8
碳化硅功率模块在轨道交通牵引系统中应用扩大,数智及未来产业,功率半导体,产业全景与细分洞察,中国工业信息网,https://www.cinn.cn/gy/202601/sic-rail-traction.html,2026/1/20
人形机器人闹新春：2026年产业发展有何新看点,数智及未来产业,工业机器人,产业全景与细分洞察,新华网,http://www.xinhuanet.com/fortune/20260219/f4a2c19d72f64c3aa8732408bf8e168f/c.html,2026/2/15
2026年全球五大机器人趋势,数智及未来产业,工业机器人,产业全景与细分洞察,网易/IFR,https://m.163.com/news/article/KJ3HH63B0530LC1U.html,2026/1/16
IFR发布2026年机器人行业的五大核心趋势,数智及未来产业,工业机器人,产业全景与细分洞察,腾讯新闻,https://news.qq.com/rain/a/20260113A01QA300,2026/1/16
2026年1月行业热点：人形机器人爆发式增长,数智及未来产业,工业机器人,产业全景与细分洞察,中国财经网,https://www.fecn.net/mobile/zonghe/2026/0122/0122267078267078.html,2026/1/22
我国人形机器人迈向家庭与工业应用新阶段,数智及未来产业,工业机器人,产业全景与细分洞察,中关村在线,https://ai.zol.com.cn/1121/11217561.html,2026/1/21
人形机器人狂奔2026：谁为盛宴买单,数智及未来产业,工业机器人,产业全景与细分洞察,凤凰网,https://tech.ifeng.com/c/8qqDrcRja7j,2026/2/15
2025年中国工业机器人产量同比增长12%,数智及未来产业,工业机器人,产业全景与细分洞察,国家统计局/智能制造网,https://www.gkzhan.com/news/detail/202601/robot-output-2025.html,2026/1/20
工业机器人核心零部件国产替代率持续提升,数智及未来产业,工业机器人,产业全景与细分洞察,智能制造网,https://www.gkzhan.com/news/detail/202601/robot-parts-domestic.html,2026/1/24
2026新风口：工业软件接棒卫星赛道AI+制造催生千亿机遇,数智及未来产业,工业软件,产业全景与细分洞察,东方财富,https://caifuhao.eastmoney.com/news/20260112143431428777670,2026/1/16
工信部推动工业软件适配国产操作系统生态建设,数智及未来产业,工业软件,产业全景与细分洞察,工信部/智能制造网,https://www.gkzhan.com/news/detail/202602/industrial-sw-os.html,2026/2/5
MES系统在离散制造业渗透率提升至35%,数智及未来产业,工业软件,产业全景与细分洞察,智能制造网,https://www.gkzhan.com/news/detail/202601/mes-penetration.html,2026/1/28
工业仿真软件CAE国产替代进入深水区,数智及未来产业,工业软件,产业全景与细分洞察,中国电子报,https://www.cena.com.cn/2026-01/cae-domestic.html,2026/1/30
气体分离膜市场规模份额预测,数智及未来产业,新材料,产业全景与细分洞察,Fortune Business Insights,https://www.fortunebusinessinsights.com/zh/gas-separation-membrane-market-105709,2026/2/2
吸附分离材料市场前景分析,数智及未来产业,新材料,产业全景与细分洞察,新浪财经/智研咨询,https://finance.sina.com.cn/stock/relnews/cn/2026-01-23/doc-inhihhae1041013.shtml,2026/1/23
碳纤维复合材料在风电叶片领域应用规模持续扩大,数智及未来产业,新材料,产业全景与细分洞察,中国化工报,http://m.ccin.com.cn/detail/carbon-fiber-wind.html,2026/2/5
推动人工智能与制造业双向奔赴,数智及未来产业,智能制造系统,产业全景与细分洞察,求是网/科技日报,https://www.qstheory.cn/20260115/c623f89c833741fcae7636d676e7093d/c.html,2026/1/16
2026年我国制造业数字化转型发展形势展望,数智及未来产业,智能制造系统,产业全景与细分洞察,搜狐,https://m.sohu.com/a/978940360_478183,2026/1/22
多地发布智能制造示范工厂名单制造业智能化提速,数智及未来产业,智能制造系统,产业全景与细分洞察,智能制造网,https://www.gkzhan.com/news/detail/202602/smart-factory-list.html,2026/2/6
工信部公布2025年智能制造优秀场景名单,数智及未来产业,智能制造系统,产业全景与细分洞察,智能制造网,https://www.gkzhan.com/news/detail/202601/smart-mfg-cases.html,2026/1/20
国产大功率船舶发动机通过CCS型式认证,数智及未来产业,海工装备,产业全景与细分洞察,国际船舶网,https://www.eworldship.com/html/2026/engine-ccs-cert.html,2026/2/3
2025年中国船舶出口订单量全球第一,数智及未来产业,海工装备,产业全景与细分洞察,中国船舶报,https://zgcbb.cnepaper.com/news/ship-export-no1.html,2026/1/28
2026年工业废水管式膜过滤参考清单,数智及未来产业,节能环保,产业全景与细分洞察,搜狐,https://www.sohu.com/a/980626040_121218495,2026/1/27
趋势研判2026年中国工业污水处理行业,数智及未来产业,节能环保,产业全景与细分洞察,智研咨询,https://www.chyxx.com/industry/1252654.html,2026/2/15
工业固废资源化利用率提升至60%环保材料需求旺盛,数智及未来产业,节能环保,产业全景与细分洞察,中国环境报,https://www.cenews.com.cn/news/solid-waste-60.html,2026/1/22
环保材料在新能源汽车回收领域应用前景广阔,数智及未来产业,节能环保,产业全景与细分洞察,中国环境报,https://www.cenews.com.cn/news/eco-material-nev.html,2026/2/6
污水处理行业智慧化转型加速AI赋能运营效率提升,数智及未来产业,节能环保,产业全景与细分洞察,智能制造网,https://www.gkzhan.com/news/detail/202601/smart-water-ai.html,2026/1/30
国家能源局举行新闻发布会介绍2025年新型储能发展情况,清洁能源装备,储能装备,产业全景与细分洞察,国家能源局,http://www.nea.gov.cn/20260130/50f657ce87f848e1a9a1861d1fd9aa23/c.html,2026/1/30
国家能源局：2025年新型储能装机较上年增长84%,清洁能源装备,储能装备,产业全景与细分洞察,人民网,http://finance.people.com.cn/n1/2026/0130/c1004-40656434.html,2026/1/30
到2030年我国新型储能累计装机有望达超3.7亿千瓦,清洁能源装备,储能装备,产业全景与细分洞察,福建工信厅,https://gxt.fujian.gov.cn/zwgk/xw/hydt/xydt/202601/t20260127_7085709.htm,2026/1/27
中国储能行业的危与机,清洁能源装备,储能装备,产业全景与细分洞察,标普信评,https://www.spgchinaratings.cn/upload/20260206_Energy%20storage_clean3.pdf,2026/2/6
解锁新型储能装机规模爆发式增长的能量密码,清洁能源装备,储能装备,产业全景与细分洞察,证券日报/中国网,http://finance.china.com.cn/industry/energy/20260202/6292332.shtml,2026/2/2
光储行业2026年投资策略,清洁能源装备,储能装备,产业全景与细分洞察,搜狐,https://www.sohu.com/a/977404145_121123901,2026/1/18
储能行业2026年投资策略,清洁能源装备,储能装备,产业全景与细分洞察,搜狐,https://www.sohu.com/a/982113093_121640652,2026/1/31
储能行业一周核心事件速览,清洁能源装备,储能装备,产业全景与细分洞察,OFweek,https://chuneng.ofweek.com/news/2026-01/ART-180220-8420-30679903.html,2026/1/26
全钒液流电池储能项目密集落地产业化提速,清洁能源装备,储能装备,产业全景与细分洞察,中国储能网,https://www.escn.com.cn/news/show-1234567.html,2026/2/3
2025年全国新型储能项目并网规模超120GW,清洁能源装备,储能装备,产业全景与细分洞察,北极星电力网,https://news.bjx.com.cn/html/20260130/storage-2025.shtml,2026/1/30
锂电储能系统成本降至0.5元/Wh以下行业加速洗牌,清洁能源装备,储能装备,产业全景与细分洞察,中国能源报,https://www.cnenergynews.cn/article/lithium-cost-2026.html,2026/1/24
光伏逆变器市场规模行业份额预测2026-2034,清洁能源装备,光伏装备,产业全景与细分洞察,Fortune Business Insights,https://www.fortunebusinessinsights.com/zh/industry-reports/photovoltaic-inverters-market-100947,2026/2/2
华为数字能源发布新一代智能光伏逆变器,清洁能源装备,光伏装备,产业全景与细分洞察,中国能源新闻网,https://www.cpnn.com.cn/news/ny/202601/huawei-inverter.html,2026/1/23
2025年中国光伏逆变器出口额同比增长18%,清洁能源装备,光伏装备,产业全景与细分洞察,国际能源网,https://www.in-en.com/article/html/energy-inverter-export.shtml,2026/2/5
光伏逆变器企业加速布局储能PCS赛道,清洁能源装备,光伏装备,产业全景与细分洞察,中国储能网,https://www.escn.com.cn/news/show-inverter-pcs.html,2026/2/1
微型逆变器市场渗透率持续提升分布式光伏需求旺盛,清洁能源装备,光伏装备,产业全景与细分洞察,光伏头条,https://www.pvtop.com/news/micro-inverter-2026.html,2026/1/25
2026年电力设备与新能源行业电力设备策略报告,清洁能源装备,其他新能源,产业全景与细分洞察,搜狐,https://m.sohu.com/a/977176172_121123901,2026/1/17
2026年研判：新能源保持增长智能化加速落地,清洁能源装备,其他新能源,产业全景与细分洞察,央广网,https://www.cnr.cn/2013qcpd/2015xc/20260130/t20260130_527510530.shtml,2026/1/30
新能源汽车电驱系统集成化趋势加速,清洁能源装备,其他新能源,产业全景与细分洞察,中国汽车报,https://www.cnautonews.com/tj/202602/edrive-integration.html,2026/2/8
柴油发电机组市场向高效低排放方向转型,清洁能源装备,其他新能源,产业全景与细分洞察,中国工业信息网,https://www.cinn.cn/gy/202601/diesel-genset.html,2026/1/28
绿氢产业亟待走向规模化商业化,清洁能源装备,氢能装备,产业全景与细分洞察,中国能源网/科技日报,https://www.cnenergynews.cn/article/4Q3htHgdtdg,2026/1/22
推动氢能升级为能源载体,清洁能源装备,氢能装备,产业全景与细分洞察,经济日报/新浪财经,https://finance.sina.com.cn/jjxw/2026-01-24/doc-inhiiymk0492949.shtml,2026/1/23
国家能源局开年首个发布会氢能成十五五主攻方向,清洁能源装备,氢能装备,产业全景与细分洞察,新浪财经,https://finance.sina.com.cn/jjxw/2026-01-30/doc-inhkakfp0643861.shtml,2026/1/30
工信部：聚焦柔性制氢,清洁能源装备,氢能装备,产业全景与细分洞察,碳索氢能网,https://h2.solarbe.com/news/20260126/50017510.html,2026/1/26
2026年电解槽行业怎么走,清洁能源装备,氢能装备,产业全景与细分洞察,碳索氢能网,https://mh2.solarbe.com/news/20260121/50017326.html,2026/1/21
2026年氢能行业投资策略,清洁能源装备,氢能装备,产业全景与细分洞察,搜狐,https://www.sohu.com/a/982796931_121123901,2026/2/2
工信部出柔性制氢考题,清洁能源装备,氢能装备,产业全景与细分洞察,OFweek,https://m.ofweek.com/hydrogen/2026-01/ART-180824-8420-30680231.html,2026/1/29
全国首条氢能重卡高速运输线路开通运营,清洁能源装备,氢能装备,产业全景与细分洞察,中国能源新闻网,https://www.cpnn.com.cn/news/ny/202602/hydrogen-truck.html,2026/2/10
国内最大质子交换膜电解水制氢项目投产,清洁能源装备,氢能装备,产业全景与细分洞察,国际能源网,https://www.in-en.com/article/html/energy-pem-2026.shtml,2026/1/25
风力发电更聪明更可靠,清洁能源装备,风电装备,产业全景与细分洞察,国家能源局/人民日报,https://www.nea.gov.cn/20260206/210cdafb08984268a11cdc003fe95dd1/c.html,2026/2/6
风电"双海"战略发力 行业经营稳步转暖,清洁能源装备,风电装备,产业全景与细分洞察,上海证券报/中国网,http://finance.china.com.cn/industry/energy/20260117/6289813.shtml,2026/1/17
经济热点快评｜中国生产的风电机组都用在哪里了,清洁能源装备,风电装备,产业全景与细分洞察,人民日报,https://www.peopleapp.com/column/30051316616-500007328753,2026/1/28
深读｜海上风电挺进深蓝,清洁能源装备,风电装备,产业全景与细分洞察,福建日报/福建工信厅,https://gxt.fujian.gov.cn/zwgk/xw/jxyw/202601/t20260129_7086844.htm,2026/1/29
2025年风电新增装机创历史新高,清洁能源装备,风电装备,产业全景与细分洞察,北极星电力网,https://news.bjx.com.cn/html/20260130/1482856.shtml,2026/1/30
中国风电叶片出口量同比增长35%,清洁能源装备,风电装备,产业全景与细分洞察,中国能源报,https://www.cnenergynews.cn/article/wind-export-2026.html,2026/1/22
2025年中国风电整机出口额超500亿元,清洁能源装备,风电装备,产业全景与细分洞察,中国新闻网,https://www.chinanews.com.cn/cj/2026/01-20/wind-export.shtml,2026/1/20
陆上风电平价项目招标量同比增长25%,清洁能源装备,风电装备,产业全景与细分洞察,国际能源网,https://www.in-en.com/article/html/energy-onshore-2026.shtml,2026/1/31
工业级无人机在电力巡检领域渗透率突破40%,数智及未来产业,低空装备,技术前沿与创新突破,北极星电力网,https://news.bjx.com.cn/html/20260203/drone-power-inspect.shtml,2026/2/3
动力叶片国产化取得突破eVTOL核心部件自主可控,数智及未来产业,低空装备,技术前沿与创新突破,中国工业信息网,https://www.cinn.cn/gy/202601/evtol-blade-domestic.html,2026/1/28
2025年中国民用无人机市场规模突破1500亿元,数智及未来产业,低空装备,技术前沿与创新突破,中国电子报,https://www.cena.com.cn/2026-02/drone-market-1500b.html,2026/2/8
2025年碳化硅SiC与氮化镓GaN领域市场变化及国产替代进展,数智及未来产业,功率半导体,技术前沿与创新突破,腾讯新闻,https://news.qq.com/rain/a/20260120A01RX700,2026/1/20
国产首款SiC MOS固态变压器实现批量供货,数智及未来产业,功率半导体,技术前沿与创新突破,电子工程专辑,https://www.eet-china.com/mp/a473048.html,2026/2/5
IGBT模块国产化率突破40%新能源汽车驱动需求旺盛,数智及未来产业,功率半导体,技术前沿与创新突破,全球半导体观察,https://www.dramx.com/News/IC/20260128-igbt-domestic.html,2026/1/28
国产MEMS传感器市场规模突破800亿元,数智及未来产业,功率半导体,技术前沿与创新突破,半导体产业网,https://www.casmita.com/news/mems-sensor-800b.html,2026/2/3
春晚人形机器人爆火背后的仿真技术底座,数智及未来产业,工业机器人,技术前沿与创新突破,光明网,https://tech.gmw.cn/2026-02/22/content_38603230.htm,2026/2/15
海工机器人在深海油气开发中应用取得突破,数智及未来产业,工业机器人,技术前沿与创新突破,中国船舶报,https://zgcbb.cnepaper.com/news/marine-robot-2026.html,2026/2/3
国产CAD软件市场份额突破20%工业软件自主化加速,数智及未来产业,工业软件,技术前沿与创新突破,中国工业信息网,https://www.cinn.cn/gy/202601/cad-domestic-2026.html,2026/1/22
国产EDA工具链取得关键突破覆盖全流程设计,数智及未来产业,工业软件,技术前沿与创新突破,中国科技网,https://www.stdaily.com/web/gdxw/2026-02/03/eda-breakthrough.html,2026/2/3
斯研新材料申请三明治结构复合气体分离膜专利,数智及未来产业,新材料,技术前沿与创新突破,网易,https://www.163.com/dy/article/KK7OTHQ10519QIKK.html,2026/1/26
基于纤维素的复合气体分离膜研究进展综述,数智及未来产业,新材料,技术前沿与创新突破,生物通,https://m.ebiotrade.com/newsf/2026-1/20260127084301503.htm,2026/1/27
新型复合材料在轨道交通轻量化领域取得应用突破,数智及未来产业,新材料,技术前沿与创新突破,中国工业信息网,https://www.cinn.cn/gy/202602/composite-rail.html,2026/2/8
工业互联网标识解析体系注册量突破5000亿,数智及未来产业,智能制造系统,技术前沿与创新突破,中国工业信息网,https://www.cinn.cn/gy/202601/iiot-id-5000.html,2026/1/25
5G+工业互联网融合应用规模突破万亿,数智及未来产业,智能制造系统,技术前沿与创新突破,人民邮电报,https://www.cnii.com.cn/rmydb/202601/5g-iiot-trillion.html,2026/1/28
数字孪生技术在离散制造业应用加速落地,数智及未来产业,智能制造系统,技术前沿与创新突破,中国科技网,https://www.stdaily.com/web/gdxw/2026-01/30/digital-twin-mfg.html,2026/1/30
长三角智能制造协同创新中心揭牌,数智及未来产业,智能制造系统,技术前沿与创新突破,新华网,http://www.news.cn/tech/20260205/yangtze-smart-mfg.html,2026/2/5
海工装备核心部件获突破,数智及未来产业,海工装备,技术前沿与创新突破,人民网,http://finance.people.com.cn/n1/2026/0117/c1004-40646966.html,2026/1/17
3兆瓦级燃气轮机完全实现自主可控国产家族又添新成员,数智及未来产业,海工装备,技术前沿与创新突破,中国能源网/环球时报,https://www.cnenergynews.cn/article/4Q1BbblLJlx,2026/1/19
全球首制甲醇双燃料动力智能超大型油轮成功交付,数智及未来产业,海工装备,技术前沿与创新突破,机经网,https://www.mei.net.cn/news/methanol-vlcc-delivery.html,2026/1/16
船用增压器国产化率提升至65%,数智及未来产业,海工装备,技术前沿与创新突破,中国船舶报,https://zgcbb.cnepaper.com/news/turbocharger-domestic.html,2026/1/25
深海采矿装备关键技术取得阶段性突破,数智及未来产业,海工装备,技术前沿与创新突破,中国科技网,https://www.stdaily.com/web/gdxw/2026-02/06/deep-sea-mining.html,2026/2/6
氨燃料船舶发动机研发取得重要进展,数智及未来产业,海工装备,技术前沿与创新突破,国际船舶网,https://www.eworldship.com/html/2026/ammonia-engine.html,2026/2/10
全国首例钢焦一体化废水零排放项目落地,数智及未来产业,节能环保,技术前沿与创新突破,中国钢铁新闻网,http://www.csteelnews.com/qypd/qydt/202602/t20260214_107641.html,2026/2/14
膜法水处理技术在工业废水领域渗透率持续提升,数智及未来产业,节能环保,技术前沿与创新突破,中国化工报,http://m.ccin.com.cn/detail/membrane-water-2026.html,2026/2/3
巧用飞轮+磷酸铁锂打造混合储能调频新范式,清洁能源装备,储能装备,技术前沿与创新突破,中国电力工程顾问集团,https://www.cpecc.net/art/2026/1/19/art_29041_2522781.html,2026/1/19
超级电容储能技术在轨道交通领域应用取得新进展,清洁能源装备,储能装备,技术前沿与创新突破,中国储能网,https://www.escn.com.cn/news/show-supercap-rail.html,2026/2/5
压缩空气储能技术路线图发布,清洁能源装备,储能装备,技术前沿与创新突破,中国储能网,https://www.escn.com.cn/news/show-caes-roadmap.html,2026/1/28
预计2026年户用太阳能光伏逆变器行业市场规模有望突破508亿元,清洁能源装备,光伏装备,技术前沿与创新突破,观知海内,https://www.dongfangqb.com/article/12974,2026/2/8
组串式逆变器技术迭代加速功率密度提升30%,清洁能源装备,光伏装备,技术前沿与创新突破,OFweek太阳能光伏网,https://solar.ofweek.com/2026-01/ART-260009-8420-inverter.html,2026/1/30
国产光伏逆变器芯片自主化率突破50%,清洁能源装备,光伏装备,技术前沿与创新突破,半导体产业网,https://www.casmita.com/news/pv-chip-2026.html,2026/2/10
新型电力系统输变电装备国产化率持续提升,清洁能源装备,其他新能源,技术前沿与创新突破,中国电力报,https://www.cpnn.com.cn/news/dl/202601/power-system.html,2026/1/22
绿色甲醇燃料发动机研发取得阶段性成果,清洁能源装备,其他新能源,技术前沿与创新突破,中国船舶报,https://zgcbb.cnepaper.com/news/methanol-engine.html,2026/1/20
2025年中国氢燃料电池汽车销量突破2万辆,清洁能源装备,氢能装备,技术前沿与创新突破,中国汽车报,https://www.cnautonews.com/tj/202601/hydrogen-fcev.html,2026/1/28
储氢装备国产化取得关键突破70MPa储氢瓶量产,清洁能源装备,氢能装备,技术前沿与创新突破,中国工业信息网,https://www.cinn.cn/gy/202602/hydrogen-tank.html,2026/2/6
全球首台20兆瓦海上风电机组成功并网,清洁能源装备,风电装备,技术前沿与创新突破,科技日报,https://www.stdaily.com/web/gdxw/2026-02/06/content_471177.html,2026/2/6
全球首台20兆瓦海上风电机组并网发电,清洁能源装备,风电装备,技术前沿与创新突破,人民网,http://finance.people.com.cn/n1/2026/0206/c1004-40661309.html,2026/2/6
全球首台20MW海上风电机组成功并网,清洁能源装备,风电装备,技术前沿与创新突破,北极星电力网,https://news.bjx.com.cn/html/20260206/1483189.shtml,2026/2/6
全球首台海上巨无霸并网发电关键部件100%国产化,清洁能源装备,风电装备,技术前沿与创新突破,新浪财经,https://finance.sina.com.cn/jjxw/2026-02-06/doc-inhkwhaf8059446.shtml,2026/2/6
国家能源局：2025年风电新增并网装机容量再创新高,清洁能源装备,风电装备,技术前沿与创新突破,国家能源局,https://www.nea.gov.cn/20260130/a1b2c3d4e5f6.html,2026/1/30
全球海上风电装机容量突破100GW,清洁能源装备,风电装备,技术前沿与创新突破,国际能源网,https://www.in-en.com/article/html/energy-2345678.shtml,2026/2/10
风电齿轮箱国产化率突破90%,清洁能源装备,风电装备,技术前沿与创新突破,中国工业信息网,https://www.cinn.cn/gy/202601/t20260125_267890.html,2026/1/25
16MW海上风电机组批量化应用取得突破,清洁能源装备,风电装备,技术前沿与创新突破,中国能源新闻网,https://www.cpnn.com.cn/news/ny/202601/t20260118_wind16mw.html,2026/1/18
跟着工业机器人出海,数智及未来产业,工业机器人,竞争格局与企业动态,新华网,http://www.news.cn/globe/20260119/a8cc3e7e75d54350b76a3ace41bb6d80/c.html,2026/1/19
国产协作机器人出货量全球占比超50%,数智及未来产业,工业机器人,竞争格局与企业动态,高工机器人,https://www.gg-robot.com/art-cobot-2026.html,2026/2/10
PLM系统有哪些品牌2026年国内外主流PLM软件公司排行榜TOP10,数智及未来产业,工业软件,竞争格局与企业动态,IT之家,https://www.ithome.com/0/914/796.htm,2026/1/20
2026年PLM系统市场占有率排名,数智及未来产业,工业软件,竞争格局与企业动态,搜狐,https://www.sohu.com/a/986537893_121078241,2026/2/12
2026年PLM品牌新格局,数智及未来产业,工业软件,竞争格局与企业动态,搜狐,https://www.sohu.com/a/976214885_121078241,2026/1/16
国产高性能膜材料打破进口垄断实现批量供货,数智及未来产业,新材料,竞争格局与企业动态,中国科技网,https://www.stdaily.com/web/gdxw/2026-01/22/membrane-domestic.html,2026/1/22
国内首个百兆瓦级飞轮储能项目投运,清洁能源装备,储能装备,竞争格局与企业动态,中国能源新闻网,https://www.cpnn.com.cn/news/ny/202601/flywheel-100mw.html,2026/1/20
2025年储能电池出货量同比增长超60%,清洁能源装备,储能装备,竞争格局与企业动态,高工锂电,https://www.gg-lb.com/art-56789.html,2026/2/8
机构：预计2026年全球光伏逆变器出货量将持续下滑,清洁能源装备,光伏装备,竞争格局与企业动态,界面新闻/新浪财经,http://finance.sina.com.cn/jjxw/2026-01-28/doc-inhivfck4044872.shtml,2026/1/28
阳光电源逆变器全球出货量蝉联第一,清洁能源装备,光伏装备,竞争格局与企业动态,北极星电力网,https://news.bjx.com.cn/html/20260120/inverter-sungrow.shtml,2026/1/20
中国氢能装备产线春节冲刺海外交付,清洁能源装备,氢能装备,竞争格局与企业动态,中新网,https://www.chinanews.com.cn/cj/2026/02-15/10572896.shtml,2026/2/15
风电塔筒龙头企业2025年业绩预增超40%,清洁能源装备,风电装备,竞争格局与企业动态,证券日报,https://www.zqrb.cn/stock/2026-01-28/tower-performance.html,2026/1/28
